{"status":true,"message":"Data show succes","data":[{"id":"1","people_name":"Willie Whited","people_address":"2524 White River Way"},{"id":"2","people_name":"Lisa Squires","people_address":"Fehringer Strasse 27"},{"id":"3","people_name":"Sean Patterson","people_address":"Rue des Ecoles 426"},{"id":"4","people_name":"Anna Scott","people_address":"Rua C 66, 1384"},{"id":"5","people_name":"Desmond Peterson","people_address":"1414 Grey Rd"},{"id":"6","people_name":"Samuel Hogan","people_address":"13, Avenue De Marlioz"},{"id":"7","people_name":"John Miller","people_address":"Pappelallee 21"},{"id":"8","people_name":"Rose Joyce","people_address":"Via Galileo Ferraris, 38"},{"id":"9","people_name":"Phillip Tilton","people_address":"Huibertplaat 120"},{"id":"10","people_name":"Anita McGurk","people_address":"128 St Pauls Court Cloverlea"},{"id":"11","people_name":"John Morgan","people_address":"286 Stanza Bopape St"},{"id":"12","people_name":"Margaret Teets","people_address":"Grossmatt 62"},{"id":"13","people_name":"Dara Adams","people_address":"21 Fraserburgh Rd"},{"id":"14","people_name":"Bennie J. Martin","people_address":"34 Masthead Drive"},{"id":"15","people_name":"Gladys Ashford","people_address":"Holzstrasse 14"},{"id":"16","people_name":"William Lavallie","people_address":"Heirstraat 31"},{"id":"17","people_name":"Antonio Wayman","people_address":"2331 Carlson Road"},{"id":"18","people_name":"Carol Selders","people_address":"Ysitie 44"},{"id":"19","people_name":"David Sato","people_address":"30, Rue de la Pompe"},{"id":"20","people_name":"Amy Vanmatre","people_address":"Friedrichstrasse 4"},{"id":"21","people_name":"Kenny Todd","people_address":"Corso Porta Nuova, 10"},{"id":"22","people_name":"Marla Alvarez","people_address":"Tielstraat 17"},{"id":"23","people_name":"George Stanley","people_address":"95 Belle Verde Drive Rothesay Bay"},{"id":"24","people_name":"David Bennett","people_address":"Torvbakkgata 219"},{"id":"25","people_name":"Donald Garrett","people_address":"86 St Denys Road"},{"id":"26","people_name":"Horace Morgan","people_address":"3435 Jarvis Street"}]}
